source,symbol,event,h,n,mean_bp,t,uncond_bp,hot_bp,hot_t,hot_n,calm_bp,calm_t,calm_n
crypto,flow_ATOMUSDT,ofi_up,1,0,,,0.09279050265448845,,,0,,,0
crypto,flow_ATOMUSDT,ofi_up,2,0,,,0.11459661099806959,,,0,,,0
crypto,flow_ATOMUSDT,ofi_up,5,0,,,0.17897248594570006,,,0,,,0
crypto,flow_ATOMUSDT,ofi_up,15,0,,,0.3798550153073807,,,0,,,0
crypto,flow_ATOMUSDT,ofi_up,60,0,,,1.2363878322142083,,,0,,,0
crypto,flow_ATOMUSDT,ofi_dn,1,0,,,-0.09279050265448845,,,0,,,0
crypto,flow_ATOMUSDT,ofi_dn,2,0,,,-0.11459661099806959,,,0,,,0
crypto,flow_ATOMUSDT,ofi_dn,5,0,,,-0.17897248594570006,,,0,,,0
crypto,flow_ATOMUSDT,ofi_dn,15,0,,,-0.3798550153073807,,,0,,,0
crypto,flow_ATOMUSDT,ofi_dn,60,0,,,-1.2363878322142083,,,0,,,0
crypto,flow_ATOMUSDT,assault_up,1,872,0.3926957633630517,0.7686117323593146,0.09279050265448845,-0.9414672782793981,-0.5077647509566529,155,0.6811131573024934,1.433719574307469,717
crypto,flow_ATOMUSDT,assault_up,2,847,0.015624783804604083,0.023334858363744247,0.11459661099806959,-1.3064262443498715,-0.5092357729962695,152,0.3047640014729212,0.5135193855159061,695
crypto,flow_ATOMUSDT,assault_up,5,805,1.5101619328468274,1.7194993326385564,0.17897248594570006,3.661169299484197,1.1178167988856493,146,1.0336109836373344,1.3067429285606262,659
crypto,flow_ATOMUSDT,assault_up,15,702,2.684065209764308,1.966368197482077,0.3798550153073807,8.347751152483946,1.7261483440272187,132,1.3724747809239701,1.0974580600912571,570
crypto,flow_ATOMUSDT,assault_up,60,486,3.601203389985696,1.2609433255879434,1.2363878322142083,19.332319897771157,2.054794078750747,84,0.3141044182096303,0.11145633112114615,402
crypto,flow_ATOMUSDT,assault_dn,1,797,-0.5689954491579648,-1.2208212457913357,-0.09279050265448845,0.7058859548363735,0.43292631668147535,139,-0.8383093019774376,-1.8736436595124992,658
crypto,flow_ATOMUSDT,assault_dn,2,786,-0.5894802316660633,-0.9895522424038352,-0.11459661099806959,0.6838010586388789,0.30687533444368953,137,-0.858262260590219,-1.5669142519971726,649
crypto,flow_ATOMUSDT,assault_dn,5,754,-0.9651683735373314,-1.1895514842732902,-0.17897248594570006,0.14021553727895028,0.04960431605170492,135,-1.2062456400319972,-1.5589420036967951,619
crypto,flow_ATOMUSDT,assault_dn,15,672,-1.3426632792318176,-1.0167785859360983,-0.3798550153073807,1.4835604376255513,0.35223427781196764,115,-1.9261744595524597,-1.4419709990008982,557
crypto,flow_ATOMUSDT,assault_dn,60,466,-0.5521890437658664,-0.17978357494224176,-1.2363878322142083,1.8103096222432817,0.1692499737047438,73,-0.9910246738388122,-0.3238824163017885,393
crypto,flow_ATOMUSDT,eaten_up,1,3,4.0753481116280925,0.4465221293152816,0.09279050265448845,,,1,,,2
crypto,flow_ATOMUSDT,eaten_up,2,3,6.196797945862513,0.47107358094782226,0.11459661099806959,,,1,,,2
crypto,flow_ATOMUSDT,eaten_up,5,3,-8.836904668947376,-0.6862405556049406,0.17897248594570006,,,1,,,2
crypto,flow_ATOMUSDT,eaten_up,15,3,-6.860833503385954,-0.521793388657014,0.3798550153073807,,,1,,,2
crypto,flow_ATOMUSDT,eaten_up,60,3,85.09314810082769,0.78747741164847,1.2363878322142083,,,1,,,2
crypto,flow_ATOMUSDT,pulled_up,1,90,1.8657037708845008,0.9687304905186762,0.09279050265448845,5.8014759782851915,1.8685174182440913,27,0.1789442534270617,0.07481454961129841,63
crypto,flow_ATOMUSDT,pulled_up,2,83,1.09771242075501,0.46855876895137566,0.11459661099806959,10.12491705373708,2.8632485826303515,22,-2.1580007255663927,-0.7648266019728751,61
crypto,flow_ATOMUSDT,pulled_up,5,72,-0.6742951956585171,-0.19425439113583945,0.17897248594570006,9.892805102354709,1.2874414152638907,18,-4.196661961662928,-1.1108474071221575,54
crypto,flow_ATOMUSDT,pulled_up,15,65,-5.1160985148241975,-0.8632098082028626,0.3798550153073807,2.2620908222355434,0.14699157968349855,14,-7.1414838230366735,-1.1288610920263142,51
crypto,flow_ATOMUSDT,pulled_up,60,50,-3.625754806927041,-0.3299212472552527,1.2363878322142083,-21.417640716358587,-0.7949170079632744,11,1.3924694239382707,0.11653908279628665,39
crypto,flow_ATOMUSDT,eaten_dn,1,1,,,-0.09279050265448845,,,0,,,1
crypto,flow_ATOMUSDT,eaten_dn,2,1,,,-0.11459661099806959,,,0,,,1
crypto,flow_ATOMUSDT,eaten_dn,5,1,,,-0.17897248594570006,,,0,,,1
crypto,flow_ATOMUSDT,eaten_dn,15,1,,,-0.3798550153073807,,,0,,,1
crypto,flow_ATOMUSDT,eaten_dn,60,1,,,-1.2363878322142083,,,0,,,1
crypto,flow_ATOMUSDT,pulled_dn,1,139,-1.1716464406805325,-0.7853133195612712,-0.09279050265448845,-2.5792876245985155,-0.7801171840572163,39,-0.6226663789525191,-0.38137981108128405,100
crypto,flow_ATOMUSDT,pulled_dn,2,129,-0.24183798002802667,-0.13325133452902618,-0.11459661099806959,-2.9025423847924774,-0.8035783802074444,36,0.7881121121388571,0.3759696730798424,93
crypto,flow_ATOMUSDT,pulled_dn,5,107,0.2917041529082968,0.11820277178715356,-0.17897248594570006,-7.638952678100992,-1.6397815632041095,27,2.968300833373932,1.0391371239856773,80
crypto,flow_ATOMUSDT,pulled_dn,15,85,4.352602257179489,1.0168449309664211,-0.3798550153073807,3.5544044223466558,0.3667795466722367,18,4.567043466537564,0.9505854879142764,67
crypto,flow_ATOMUSDT,pulled_dn,60,61,3.98415628303756,0.414425567393378,-1.2363878322142083,20.290955163374438,0.6526867613516953,11,0.39666052936344587,0.04108349421407875,50
crypto,flow_ATOMUSDT,liq_long_spike,1,249,-1.456067367818357,-0.4124547443468233,0.09279050265448845,-3.7796482803903193,-0.3755370860948031,86,-0.23012897222824158,-0.22189462145978062,163
crypto,flow_ATOMUSDT,liq_long_spike,2,236,-1.7985740848900842,-0.5044289230566611,0.11459661099806959,-6.607466736394804,-0.6178187330624693,77,0.5302607211845278,0.4620573872637883,159
crypto,flow_ATOMUSDT,liq_long_spike,5,223,0.4158151338708325,0.12612434672361994,0.17897248594570006,-2.8357740682523445,-0.28589772680099457,71,1.9346495638099477,1.33738237687678,152
crypto,flow_ATOMUSDT,liq_long_spike,15,207,3.5551763194703416,0.9570055584946358,0.3798550153073807,-3.4120106985312946,-0.3032159033788399,62,6.5342493892365585,2.909832999267383,145
crypto,flow_ATOMUSDT,liq_long_spike,60,169,8.643295479981383,1.3911073326851597,1.2363878322142083,5.056825630488713,0.29461578059442545,45,9.94483695761985,1.7165208229536748,124
crypto,flow_ATOMUSDT,liq_short_spike,1,187,0.8289373576788583,0.5748415861603273,-0.09279050265448845,2.9332217615159353,1.0707268172925901,72,-0.4885276603756594,-0.30586237207507555,115
crypto,flow_ATOMUSDT,liq_short_spike,2,184,1.840334915774956,1.0215948121629923,-0.11459661099806959,4.930733857199627,1.4282970344719357,71,-0.10142017131488049,-0.05157682105724882,113
crypto,flow_ATOMUSDT,liq_short_spike,5,169,1.7410001119861946,0.6248580315718945,-0.17897248594570006,1.6636183190325902,0.29435644814690226,63,1.786991177609563,0.6095938029071147,106
crypto,flow_ATOMUSDT,liq_short_spike,15,146,-3.816910275424705,-0.8070835389605404,-0.3798550153073807,-12.564847961644881,-1.46914337368062,48,0.46779389741783367,0.08285775220378465,98
crypto,flow_ATOMUSDT,liq_short_spike,60,119,-2.182040767681585,-0.2327751344231881,-1.2363878322142083,-16.851247161475296,-0.8832506123105689,29,2.544703514763054,0.2361517936033232,90
