strategy,symbol,level_step_frac,touch_threshold,train_total_return_%,train_buy_hold_%,train_sharpe,train_max_drawdown_%,train_trades,train_win_rate_%,test_total_return_%,test_buy_hold_%,test_sharpe,test_max_drawdown_%,test_trades,test_win_rate_%,rsi_period,pivot_order,max_pivot_gap,window,entry_z,exit_z,min_corr
rsi_divergence,aapl.us,,,27.778801046658153,190.53304653234076,0.8661389852757823,-18.656361109775165,3,33.33333333333333,0.0,45.94331891211954,0.0,0.0,0,0.0,21.0,7.0,90.0,,,,
rsi_divergence,aapl.us,,,27.778801046658153,190.53304653234076,0.8661389852757823,-18.656361109775165,3,33.33333333333333,0.0,45.94331891211954,0.0,0.0,0,0.0,21.0,7.0,60.0,,,,
rsi_divergence,aapl.us,,,27.778801046658153,190.53304653234076,0.8661389852757823,-18.656361109775165,3,33.33333333333333,0.0,45.94331891211954,0.0,0.0,0,0.0,21.0,7.0,30.0,,,,
rsi_divergence,aapl.us,,,27.778801046658153,190.53304653234076,0.8661389852757823,-18.656361109775165,3,33.33333333333333,0.0,45.94331891211954,0.0,0.0,0,0.0,14.0,7.0,90.0,,,,
rsi_divergence,aapl.us,,,27.778801046658153,190.53304653234076,0.8661389852757823,-18.656361109775165,3,33.33333333333333,0.0,45.94331891211954,0.0,0.0,0,0.0,14.0,7.0,60.0,,,,
rsi_divergence,aapl.us,,,27.778801046658153,190.53304653234076,0.8661389852757823,-18.656361109775165,3,33.33333333333333,0.0,45.94331891211954,0.0,0.0,0,0.0,14.0,7.0,30.0,,,,
correlation,btc.v,,,134.36284025528886,754.9764529929395,0.8138833971311545,-28.142330621392553,40,40.0,-14.288918625948332,15.517794081321235,-0.4642931323230981,-38.0432467552149,10,20.0,,,,30.0,1.5,0.0,0.7
round_numbers,btc.v,0.1,0.01,183.17976972214188,754.9764529929395,0.786779627692672,-56.855067356470734,148,41.21621621621622,-0.0411649670904124,15.517794081321235,0.15690776738996268,-43.86729342656308,42,35.714285714285715,,,,,,,
round_numbers,btc.v,0.1,0.005,183.5688936119893,754.9764529929395,0.7866174542646217,-62.5460594621893,175,44.0,-13.375888568968708,15.517794081321235,-0.06181940240040722,-47.07321797644336,45,28.888888888888886,,,,,,,
correlation,btc.v,,,107.85208483760051,754.9764529929395,0.7312157302651169,-28.14233062139252,42,40.476190476190474,-19.555976304594935,15.517794081321235,-0.7418849789321129,-35.13571972931177,11,18.181818181818183,,,,30.0,1.5,0.5,0.7
correlation,btc.v,,,86.4179260718919,754.9764529929395,0.6977283599115658,-32.047909740772006,31,48.38709677419355,-18.328939987248273,15.517794081321235,-0.803114239833101,-31.098311345585362,8,12.5,,,,50.0,1.5,0.5,0.7
rsi_divergence,aapl.us,,,28.126356666783494,190.53304653234076,0.6927959021945643,-20.69395893303326,5,20.0,0.0,45.94331891211954,0.0,0.0,0,0.0,7.0,7.0,60.0,,,,
rsi_divergence,aapl.us,,,28.126356666783494,190.53304653234076,0.6927959021945643,-20.69395893303326,5,20.0,0.0,45.94331891211954,0.0,0.0,0,0.0,7.0,7.0,90.0,,,,
correlation,btc.v,,,80.07246157154364,754.9764529929395,0.6882744370402192,-24.571859922592232,32,53.125,-23.59167295290603,15.517794081321235,-1.241148475289352,-30.957438482663925,10,10.0,,,,50.0,1.5,1.0,0.7
correlation,btc.v,,,69.65100431150968,754.9764529929395,0.6465323552258387,-28.228997328287676,30,46.666666666666664,-0.7850577992246865,15.517794081321235,0.02779782513987146,-19.389147069887148,9,44.44444444444444,,,,20.0,2.0,0.0,0.7
round_numbers,btc.v,0.1,0.003,116.65073159927405,754.9764529929395,0.6362385747455901,-63.906736425485676,181,40.88397790055249,-27.156122727015685,15.517794081321235,-0.32162570041455874,-49.71756288988946,48,25.0,,,,,,,
correlation,btc.v,,,75.14049021771119,754.9764529929395,0.5876283329875573,-33.962300239649956,51,43.13725490196079,-22.260422807339207,15.517794081321235,-0.7633245129766812,-40.39920039567413,16,31.25,,,,20.0,1.5,0.0,0.7
rsi_divergence,aapl.us,,,24.725618120333625,190.53304653234076,0.5772739446939521,-25.45978939597586,9,44.44444444444444,13.100041972638476,45.94331891211954,0.9541117227466449,-10.192377952296972,1,0.0,7.0,3.0,90.0,,,,
rsi_divergence,aapl.us,,,24.725618120333625,190.53304653234076,0.5772739446939521,-25.45978939597586,9,44.44444444444444,13.100041972638476,45.94331891211954,0.9541117227466449,-10.192377952296972,1,0.0,7.0,3.0,60.0,,,,
rsi_divergence,aapl.us,,,24.725618120333625,190.53304653234076,0.5772739446939521,-25.45978939597586,9,44.44444444444444,13.100041972638476,45.94331891211954,0.9541117227466449,-10.192377952296972,1,0.0,7.0,3.0,30.0,,,,
round_numbers,btc.v,0.05,0.005,86.35848312289039,754.9764529929395,0.5552411166289919,-59.03562798002648,260,44.61538461538462,-12.436753550396517,15.517794081321235,-0.07710392192109647,-47.07321797644334,51,35.294117647058826,,,,,,,
correlation,btc.v,,,52.38309806834971,754.9764529929395,0.5422869187675342,-28.63808543009614,30,43.333333333333336,0.41288365858527243,15.517794081321235,0.0762286509608432,-16.683846592285477,9,44.44444444444444,,,,20.0,2.0,0.5,0.7
correlation,btc.v,,,57.2285934535883,754.9764529929395,0.5278976866690227,-37.28157953910265,30,46.666666666666664,-18.792789099686967,15.517794081321235,-0.7100784085770601,-34.58287044968876,8,12.5,,,,50.0,1.5,0.0,0.7
round_numbers,btc.v,0.1,0.001,78.45549406631709,754.9764529929395,0.5220948648566012,-63.49367736284594,194,39.175257731958766,-27.31269916771344,15.517794081321235,-0.33271380750213037,-47.47566553650243,50,24.0,,,,,,,
round_numbers,btc.v,0.02,0.005,74.73967637647053,754.9764529929395,0.5192452254700091,-55.049626216480064,315,46.666666666666664,-31.15648592737451,15.517794081321235,-0.5808079293586396,-49.943026441498226,152,47.368421052631575,,,,,,,
correlation,btc.v,,,37.297357574441456,754.9764529929395,0.5120301913744272,-19.991272487782364,14,50.0,14.940813929441909,15.517794081321235,0.7441943924317378,-12.926212438953378,5,60.0,,,,20.0,2.5,0.5,0.7
correlation,btc.v,,,54.04113518903411,754.9764529929395,0.5056176083811249,-36.58473655231709,45,37.77777777777778,-9.817332240493448,15.517794081321235,-0.3944733811718436,-25.71631406325907,12,25.0,,,,30.0,1.5,1.0,0.7
correlation,btc.v,,,61.87144182082047,754.9764529929395,0.5007891062073978,-41.91459696669047,53,33.9622641509434,-18.737242323734304,15.517794081321235,-0.6412926823790467,-41.25874338970367,11,18.181818181818183,,,,30.0,1.5,0.0,0.5
correlation,btc.v,,,35.5296739684134,754.9764529929395,0.4933548130109971,-21.224901520154692,14,50.0,13.64430599332518,15.517794081321235,0.6582204956405221,-15.698071516773426,5,60.0,,,,20.0,2.5,0.0,0.7
correlation,btc.v,,,45.030500838543276,754.9764529929395,0.47289369140769,-39.809211688823666,35,42.857142857142854,-5.668713162922523,15.517794081321235,-0.1655471621029981,-22.906677036529842,10,40.0,,,,20.0,2.0,0.0,0.5
rsi_divergence,aapl.us,,,18.714196537234386,190.53304653234076,0.4717804234261401,-20.46183460548353,6,16.666666666666664,18.395705165409204,45.94331891211954,1.7745450262746738,-2.51968503937009,0,0.0,7.0,5.0,60.0,,,,
rsi_divergence,aapl.us,,,18.714196537234386,190.53304653234076,0.4717804234261401,-20.46183460548353,6,16.666666666666664,18.395705165409204,45.94331891211954,1.7745450262746738,-2.51968503937009,0,0.0,7.0,5.0,30.0,,,,
rsi_divergence,aapl.us,,,18.714196537234386,190.53304653234076,0.4717804234261401,-20.46183460548353,6,16.666666666666664,18.395705165409204,45.94331891211954,1.7745450262746738,-2.51968503937009,0,0.0,7.0,5.0,90.0,,,,
correlation,btc.v,,,34.10889150873449,754.9764529929395,0.47036079048953405,-24.143649437375323,16,50.0,9.925264004202482,15.517794081321235,0.48884903651601874,-16.725758603296793,6,50.0,,,,20.0,2.5,0.5,0.5
correlation,btc.v,,,48.184625004475336,754.9764529929395,0.4403473625270663,-41.630135792284975,55,38.18181818181819,-23.730944712563996,15.517794081321235,-0.9268174422879105,-38.50211425429426,12,16.666666666666664,,,,30.0,1.5,0.5,0.5
correlation,btc.v,,,42.26077148637768,754.9764529929395,0.42897947321192814,-39.96546931031403,53,43.39622641509434,-17.15237547525852,15.517794081321235,-0.5804374992265343,-36.338982273298015,16,31.25,,,,20.0,1.5,0.5,0.7
correlation,btc.v,,,28.25007197344471,754.9764529929395,0.40924464153835055,-25.31325429491511,16,50.0,8.685330404561675,15.517794081321235,0.4229631917379005,-19.37666501760893,6,50.0,,,,20.0,2.5,0.0,0.5
correlation,btc.v,,,34.46581258437962,754.9764529929395,0.4030651629833072,-40.152293635849034,35,40.0,-4.529737956526447,15.517794081321235,-0.1276615894552705,-20.319424875660207,10,40.0,,,,20.0,2.0,0.5,0.5
correlation,btc.v,,,22.4032001371121,754.9764529929395,0.39236972430664036,-16.539355314052106,14,64.28571428571429,12.326645235695866,15.517794081321235,0.6461838325512571,-10.077181425910576,5,60.0,,,,20.0,2.5,1.0,0.7
correlation,btc.v,,,33.984158694465336,754.9764529929395,0.38724030356579064,-45.80687838906194,33,30.303030303030305,-8.09427111046489,15.517794081321235,-0.2825259751852845,-26.216749945527962,7,14.285714285714285,,,,30.0,2.0,0.0,0.7
correlation,btc.v,,,25.89163372115233,754.9764529929395,0.38201943320846676,-28.059141998928794,14,35.714285714285715,-16.587024760401746,15.517794081321235,-1.2233582752168124,-22.608842123057205,4,0.0,,,,30.0,2.5,0.0,0.7
correlation,btc.v,,,24.594073208385513,754.9764529929395,0.3659779756296584,-28.059141998928794,15,33.33333333333333,-16.587024760401746,15.517794081321235,-1.2233582752168124,-22.608842123057205,4,0.0,,,,30.0,2.5,0.0,0.5
correlation,btc.v,,,30.4887219154772,754.9764529929395,0.36279012736400396,-47.22069202414267,34,29.411764705882355,-8.09427111046489,15.517794081321235,-0.2825259751852845,-26.216749945527962,7,14.285714285714285,,,,30.0,2.0,0.0,0.5
correlation,btc.v,,,31.215888935901525,754.9764529929395,0.3499679960310844,-51.82796639578701,60,40.0,-19.179920146840523,15.517794081321235,-0.5842560056011477,-40.39920039567414,17,35.294117647058826,,,,20.0,1.5,0.0,0.5
correlation,btc.v,,,19.560622123478378,754.9764529929395,0.34575904957603837,-20.870883485640324,16,62.5,12.199214328170394,15.517794081321235,0.6094611287156836,-12.130249027781915,6,66.66666666666666,,,,20.0,2.5,1.0,0.5
correlation,btc.v,,,20.541471596470593,754.9764529929395,0.3154684927324701,-23.95199497222248,31,41.935483870967744,0.7918757576578894,15.517794081321235,0.09173850652230901,-13.957764362549119,9,44.44444444444444,,,,20.0,2.0,1.0,0.7
round_numbers,btc.v,0.05,0.01,23.281057088301505,754.9764529929395,0.3134368748605774,-60.21510044228064,264,42.803030303030305,6.381576711183046,15.517794081321235,0.25680680150435153,-43.86729342656314,53,45.28301886792453,,,,,,,
correlation,btc.v,,,21.307289211820258,754.9764529929395,0.2981983126942966,-43.63111506049853,34,29.411764705882355,-4.345181401744669,15.517794081321235,-0.12643456834830047,-22.75422516239789,7,28.57142857142857,,,,30.0,2.0,0.5,0.7
correlation,btc.v,,,17.988211948726796,754.9764529929395,0.2884328507017537,-29.657682965613898,20,45.0,-8.211717571665666,15.517794081321235,-0.48694644354708333,-14.697617607694957,3,0.0,,,,50.0,2.0,1.0,0.7
correlation,btc.v,,,17.51090707041154,754.9764529929395,0.2806626602055752,-29.657682965613887,20,40.0,1.1112518088665535,15.517794081321235,0.10757874946784272,-14.697617607694957,3,33.33333333333333,,,,50.0,2.0,0.5,0.7
correlation,btc.v,,,18.14257209599097,754.9764529929395,0.27319931261309033,-45.10169095191723,35,28.57142857142857,-4.345181401744669,15.517794081321235,-0.12643456834830047,-22.75422516239789,7,28.57142857142857,,,,30.0,2.0,0.5,0.5
correlation,btc.v,,,15.276565019760868,754.9764529929395,0.25102241126620384,-49.82945478624371,59,35.59322033898305,-17.96865673466582,15.517794081321235,-0.7374641986495056,-30.453146086854442,14,21.428571428571427,,,,30.0,1.5,1.0,0.5
correlation,btc.v,,,12.921594511839896,754.9764529929395,0.23068861931457377,-46.26200155194602,34,29.411764705882355,0.22398133914629526,15.517794081321235,0.062003666349089805,-17.445259293273494,7,42.857142857142854,,,,30.0,2.0,1.0,0.7
correlation,btc.v,,,10.016340692545246,754.9764529929395,0.21426271861758134,-56.20705384512659,62,40.32258064516129,-17.386818918049663,15.517794081321235,-0.5562685044505553,-36.338982273297994,17,35.294117647058826,,,,20.0,1.5,0.5,0.5
correlation,btc.v,,,9.975647032341328,754.9764529929395,0.20502112281698087,-47.663941736777026,35,28.57142857142857,0.22398133914629526,15.517794081321235,0.062003666349089805,-17.445259293273494,7,42.857142857142854,,,,30.0,2.0,1.0,0.5
correlation,btc.v,,,9.390487493673794,754.9764529929395,0.20260301777659964,-26.089709754956136,16,37.5,-12.672593046042458,15.517794081321235,-0.9938580113270848,-18.977004247303352,4,25.0,,,,30.0,2.5,0.5,0.5
round_numbers,btc.v,0.05,0.003,3.534957514480075,754.9764529929395,0.1976583659985171,-67.0134259602838,259,42.471042471042466,-22.12225519597004,15.517794081321235,-0.26225592700439104,-49.71756288988944,51,31.372549019607842,,,,,,,
correlation,btc.v,,,7.601835576959282,754.9764529929395,0.18072274285269954,-26.089709754956136,15,33.33333333333333,-12.672593046042458,15.517794081321235,-0.9938580113270848,-18.977004247303352,4,25.0,,,,30.0,2.5,0.5,0.7
correlation,btc.v,,,4.650725716863735,754.9764529929395,0.17363239666141383,-46.403776862614286,52,32.69230769230769,-22.567590414403107,15.517794081321235,-0.9854468817139947,-31.098311345585373,9,11.11111111111111,,,,50.0,1.5,0.5,0.5
correlation,btc.v,,,6.924750295273552,754.9764529929395,0.17228566386885005,-24.560377330317205,16,37.5,-11.618018019241905,15.517794081321235,-1.1424120785578862,-13.315715372976001,4,25.0,,,,30.0,2.5,1.0,0.5
rsi_divergence,aapl.us,,,4.076013590357053,190.53304653234076,0.1692457577709936,-19.138021444935525,4,25.0,13.100041972638476,45.94331891211954,0.9541117227466449,-10.192377952296972,1,0.0,14.0,3.0,90.0,,,,
rsi_divergence,aapl.us,,,4.076013590357053,190.53304653234076,0.1692457577709936,-19.138021444935525,4,25.0,13.100041972638476,45.94331891211954,0.9541117227466449,-10.192377952296972,1,0.0,14.0,3.0,60.0,,,,
rsi_divergence,aapl.us,,,4.076013590357053,190.53304653234076,0.1692457577709936,-19.138021444935525,4,25.0,13.100041972638476,45.94331891211954,0.9541117227466449,-10.192377952296972,1,0.0,14.0,3.0,30.0,,,,
correlation,btc.v,,,6.3681414395846625,754.9764529929395,0.16767797679364743,-36.22230146272778,36,38.88888888888889,0.08937587322677132,15.517794081321235,0.06256824598911961,-15.92223266081848,10,50.0,,,,20.0,2.0,1.0,0.5
rsi_divergence,aapl.us,,,3.404975823154044,190.53304653234076,0.15997213564068435,-19.659385010557695,3,0.0,13.100041972638476,45.94331891211954,0.9541117227466449,-10.192377952296972,1,0.0,21.0,3.0,30.0,,,,
rsi_divergence,aapl.us,,,3.404975823154044,190.53304653234076,0.15997213564068435,-19.659385010557695,3,0.0,13.100041972638476,45.94331891211954,0.9541117227466449,-10.192377952296972,1,0.0,21.0,3.0,60.0,,,,
rsi_divergence,aapl.us,,,3.404975823154044,190.53304653234076,0.15997213564068435,-19.659385010557695,3,0.0,13.100041972638476,45.94331891211954,0.9541117227466449,-10.192377952296972,1,0.0,21.0,3.0,90.0,,,,
correlation,btc.v,,,5.005634383621671,754.9764529929395,0.15376352589974654,-29.892482035636945,19,42.10526315789473,5.892273244785096,15.517794081321235,0.3349848537375065,-14.697617607694957,3,33.33333333333333,,,,50.0,2.0,0.0,0.7
correlation,btc.v,,,5.4123680191094925,754.9764529929395,0.15272299262630057,-24.560377330317205,15,33.33333333333333,-11.618018019241905,15.517794081321235,-1.1424120785578862,-13.315715372976001,4,25.0,,,,30.0,2.5,1.0,0.7
round_numbers,btc.v,0.02,0.01,-7.366012714063109,754.9764529929395,0.1500731782723502,-58.930408339539476,261,42.911877394636015,21.45590022890227,15.517794081321235,0.5124157193153841,-26.227212926972644,49,55.10204081632652,,,,,,,
correlation,btc.v,,,1.0420163961229134,754.9764529929395,0.12145667302794655,-38.9754724894671,54,40.74074074074074,-17.332508743589948,15.517794081321235,-0.6549552543065775,-31.258435768111426,17,29.411764705882355,,,,20.0,1.5,1.0,0.7
correlation,btc.v,,,-3.558732642120399,754.9764529929395,0.11552692967218822,-50.13735574146382,51,31.372549019607842,-23.007366198562906,15.517794081321235,-0.8775877793187578,-34.582870449688784,9,11.11111111111111,,,,50.0,1.5,0.0,0.5
rsi_divergence,aapl.us,,,1.287236269670844,190.53304653234076,0.09136358223145538,-20.204903199943058,4,0.0,18.395705165409204,45.94331891211954,1.7745450262746738,-2.51968503937009,0,0.0,21.0,5.0,90.0,,,,
rsi_divergence,aapl.us,,,1.287236269670844,190.53304653234076,0.09136358223145538,-20.204903199943058,4,0.0,18.395705165409204,45.94331891211954,1.7745450262746738,-2.51968503937009,0,0.0,14.0,5.0,30.0,,,,
rsi_divergence,aapl.us,,,1.287236269670844,190.53304653234076,0.09136358223145538,-20.204903199943058,4,0.0,18.395705165409204,45.94331891211954,1.7745450262746738,-2.51968503937009,0,0.0,21.0,5.0,60.0,,,,
rsi_divergence,aapl.us,,,1.287236269670844,190.53304653234076,0.09136358223145538,-20.204903199943058,4,0.0,18.395705165409204,45.94331891211954,1.7745450262746738,-2.51968503937009,0,0.0,14.0,5.0,90.0,,,,
rsi_divergence,aapl.us,,,1.287236269670844,190.53304653234076,0.09136358223145538,-20.204903199943058,4,0.0,18.395705165409204,45.94331891211954,1.7745450262746738,-2.51968503937009,0,0.0,14.0,5.0,60.0,,,,
rsi_divergence,aapl.us,,,1.287236269670844,190.53304653234076,0.09136358223145538,-20.204903199943058,4,0.0,18.395705165409204,45.94331891211954,1.7745450262746738,-2.51968503937009,0,0.0,21.0,5.0,30.0,,,,
correlation,btc.v,,,-5.311324165091902,754.9764529929395,0.08598716696603208,-47.891813562814534,53,35.84905660377358,-27.55719253873954,15.517794081321235,-1.4193651795684006,-30.957438482663935,11,9.090909090909092,,,,50.0,1.5,1.0,0.5
correlation,btc.v,,,1.2453976335654815,754.9764529929395,0.08220647457679046,-24.959510905457837,7,42.857142857142854,-8.58599876436027,15.517794081321235,-0.7472224312477213,-13.904157373334558,2,0.0,,,,50.0,2.5,1.0,0.7
round_numbers,btc.v,0.05,0.001,-21.40938070253465,754.9764529929395,0.015912282174892354,-69.88076467941768,266,40.97744360902256,-34.71752538020611,15.517794081321235,-0.5822998430073966,-47.47566553650241,55,23.636363636363637,,,,,,,
round_numbers,btc.v,0.02,0.003,-20.975037268745478,754.9764529929395,0.007307098895140931,-66.63886818346234,300,44.666666666666664,-41.99224090841858,15.517794081321235,-1.1885041910416712,-47.08403630304719,124,45.96774193548387,,,,,,,
rsi_divergence,aapl.us,,,-1.8345207300362043,190.53304653234076,-0.020508955086735583,-24.043684765265116,4,0.0,0.0,45.94331891211954,0.0,0.0,0,0.0,7.0,7.0,30.0,,,,
correlation,btc.v,,,-17.763497767266067,754.9764529929395,-0.05322985332610174,-55.48488816862711,64,39.0625,-17.56644244257344,15.517794081321235,-0.6222803542090287,-31.258435768111504,18,33.33333333333333,,,,20.0,1.5,1.0,0.5
correlation,btc.v,,,-8.279263247763103,754.9764529929395,-0.09282044574117607,-28.402635871027705,7,28.57142857142857,-8.58599876436027,15.517794081321235,-0.7472224312477213,-13.904157373334558,2,0.0,,,,50.0,2.5,0.0,0.7
correlation,btc.v,,,-8.279263247763103,754.9764529929395,-0.09282044574117607,-28.402635871027705,7,28.57142857142857,-8.58599876436027,15.517794081321235,-0.7472224312477213,-13.904157373334558,2,0.0,,,,50.0,2.5,0.5,0.7
round_numbers,btc.v,0.02,0.001,-41.80692118074158,754.9764529929395,-0.223941414035756,-68.78856329749938,306,41.830065359477125,-38.651400218321086,15.517794081321235,-1.2192880480964032,-42.61775640146068,109,40.36697247706422,,,,,,,
correlation,btc.v,,,-32.662528133061265,754.9764529929395,-0.31108675347491876,-49.93532097037456,31,25.806451612903224,1.1112518088665535,15.517794081321235,0.10757874946784272,-14.697617607694957,3,33.33333333333333,,,,50.0,2.0,0.5,0.5
correlation,btc.v,,,-32.38901731932678,754.9764529929395,-0.32089450178689105,-53.18592355413152,31,29.03225806451613,-8.211717571665666,15.517794081321235,-0.48694644354708333,-14.697617607694957,3,0.0,,,,50.0,2.0,1.0,0.5
correlation,btc.v,,,-21.597409285467805,754.9764529929395,-0.32522159597165184,-41.89001286961004,13,23.076923076923077,-8.58599876436027,15.517794081321235,-0.7472224312477213,-13.904157373334558,2,0.0,,,,50.0,2.5,1.0,0.5
correlation,btc.v,,,-39.82844548259328,754.9764529929395,-0.406009447923502,-54.178270250089675,30,26.666666666666668,5.892273244785096,15.517794081321235,0.3349848537375065,-14.697617607694957,3,33.33333333333333,,,,50.0,2.0,0.0,0.5
correlation,btc.v,,,-28.97313308356322,754.9764529929395,-0.46654781657425687,-44.55630609146674,13,15.384615384615385,-8.58599876436027,15.517794081321235,-0.7472224312477213,-13.904157373334558,2,0.0,,,,50.0,2.5,0.0,0.5
correlation,btc.v,,,-28.97313308356322,754.9764529929395,-0.46654781657425687,-44.55630609146674,13,15.384615384615385,-8.58599876436027,15.517794081321235,-0.7472224312477213,-13.904157373334558,2,0.0,,,,50.0,2.5,0.5,0.5
